id,clean_data_result,prob_clean_data_invalid,start_time,end_time,duration,country,province,city,ua,stage,school,major,software_none,software_spss,software_stata,software_r,software_python,software_javascript,software_cpp,software_gis,learn_ggplot_none,learn_ggplot_basic,learn_ggplot_color,learn_ggplot_advanced,learn_ggplot_other,learn_r_all,learn_r_categorical,learn_r_datetime,learn_r_text,learn_r_messy,learn_r_highdim,learn_r_spatial,learn_r_network,learn_r_stargazer,learn_r_mapmodel,learn_r_officer,learn_r_other,unavailable_none,unavailable_mon,unavailable_tue,unavailable_wed,unavailable_thu
63,未清洗,NA,2024/6/3 8:56,2024/6/3 8:57,58,中国,广东省,深圳市,"Mozilla/5.0 (Macintosh; Intel Mac OS X 10_15_7) AppleWebKit/537.36 (KHTML, like Gecko) Chrome/124.0.0.0 Safari/537.36",B.硕士生,A.香港科技大学（广州）,C.经济学,NA,NA,C.Stata 或 SAS,NA,NA,NA,NA,NA,NA,B.如何画基本的直方图、散点图、折线图等,C.如何指定颜色、散点大小、线条粗细等,D.如何精细地调整图例顺序、坐标轴刻度、标签方向等,NA,NA,B.处理类别数据（如性别、户口）,C.处理日期、时间数据,D.处理文本数据（如家乡、招聘广告）,E.处理驳杂数据（如人口迁移数据、爬虫数据）,NA,NA,H.处理网络数据（如班级关系网）,I.导出回归模型结果,J.批量跑回归模型,K.自动、批量编辑 Word， Excel， PPT 文档,NA,NA,NA,NA,D.周三,E.周四
62,未清洗,NA,2024/5/24 18:29,2024/5/24 18:29,44,中国,重庆市,重庆市,"Mozilla/5.0 (iPhone; CPU iPhone OS 17_4_1 like Mac OS X) AppleWebKit/605.1.15 (KHTML, like Gecko) Mobile/15E148 MicroMessenger/8.0.49(0x1800312e) NetType/4G Language/zh_CN",B.硕士生,F.其他____________,B.社会学、人口学,NA,NA,C.Stata 或 SAS,NA,NA,NA,NA,NA,NA,B.如何画基本的直方图、散点图、折线图等,C.如何指定颜色、散点大小、线条粗细等,D.如何精细地调整图例顺序、坐标轴刻度、标签方向等,NA,A.以下全部内容,NA,NA,NA,NA,NA,NA,NA,NA,NA,NA,NA,NA,NA,C.周二,NA,NA
61,未清洗,NA,2024/5/23 17:46,2024/5/23 17:47,41,中国,山东省,聊城市,"Mozilla/5.0 (Linux; Android 13; 22122RK93C Build/TP1A.220624.014; wv) AppleWebKit/537.36 (KHTML, like Gecko) Version/4.0 Chrome/122.0.6261.120 Mobile Safari/537.36 XWEB/1220053 MMWEBSDK/20240404 MMWEBID/2216 MicroMessenger/8.0.49.2600(0x2800313F) WeChat/a",C.博士生,F.其他____________,C.经济学,NA,NA,C.Stata 或 SAS,NA,E.Python， Matlab， Mathmetica 或 Julia,NA,NA,NA,NA,NA,NA,D.如何精细地调整图例顺序、坐标轴刻度、标签方向等,NA,A.以下全部内容,NA,NA,NA,NA,NA,NA,NA,NA,NA,NA,NA,A.通常都有空,NA,NA,NA,NA
60,未清洗,NA,2024/5/23 17:23,2024/5/23 17:24,45,中国,江苏省,南京市,"Mozilla/5.0 (iPhone; CPU iPhone OS 17_2_1 like Mac OS X) AppleWebKit/605.1.15 (KHTML, like Gecko) Mobile/15E148 MicroMessenger/8.0.49(0x1800312e) NetType/WIFI Language/zh_CN",B.硕士生,B.南京大学,B.社会学、人口学,NA,NA,C.Stata 或 SAS,NA,E.Python， Matlab， Mathmetica 或 Julia,NA,NA,NA,NA,NA,NA,D.如何精细地调整图例顺序、坐标轴刻度、标签方向等,NA,A.以下全部内容,NA,NA,NA,NA,NA,NA,NA,NA,NA,NA,NA,A.通常都有空,NA,NA,NA,NA
59,未清洗,NA,2024/5/23 17:14,2024/5/23 17:17,163,中国,云南省,昆明市,"Mozilla/5.0 (Linux; Android 14; 23127PN0CC Build/UKQ1.230804.001; wv) AppleWebKit/537.36 (KHTML, like Gecko) Version/4.0 Chrome/116.0.0.0 Mobile Safari/537.36 XWEB/1160117 MMWEBSDK/20240404 MMWEBID/6244 MicroMessenger/8.0.49.2600(0x2800313F) WeChat/arm64",B.硕士生,F.其他____________,D.其他____________,NA,NA,C.Stata 或 SAS,NA,NA,NA,NA,NA,NA,NA,NA,D.如何精细地调整图例顺序、坐标轴刻度、标签方向等,NA,A.以下全部内容,NA,NA,NA,NA,NA,NA,NA,NA,NA,NA,NA,A.通常都有空,NA,NA,NA,NA
58,未清洗,NA,2024/5/23 17:12,2024/5/23 17:13,53,中国,山东省,济南市,"Mozilla/5.0 (iPhone; CPU iPhone OS 17_4_1 like Mac OS X) AppleWebKit/605.1.15 (KHTML, like Gecko) Mobile/15E148 MicroMessenger/8.0.49(0x1800312e) NetType/WIFI Language/zh_CN",C.博士生,F.其他____________,C.经济学,NA,NA,C.Stata 或 SAS,D.R,NA,NA,NA,NA,NA,B.如何画基本的直方图、散点图、折线图等,C.如何指定颜色、散点大小、线条粗细等,D.如何精细地调整图例顺序、坐标轴刻度、标签方向等,NA,NA,B.处理类别数据（如性别、户口）,C.处理日期、时间数据,D.处理文本数据（如家乡、招聘广告）,E.处理驳杂数据（如人口迁移数据、爬虫数据）,F.处理高维度数据（如运动记录、全国气温）,G.处理空间数据（如带定位的照片、行车轨迹）,H.处理网络数据（如班级关系网）,I.导出回归模型结果,J.批量跑回归模型,K.自动、批量编辑 Word， Excel， PPT 文档,NA,NA,NA,NA,NA,E.周四
57,未清洗,NA,2024/5/23 17:12,2024/5/23 17:13,48,中国,江苏省,镇江市,"Mozilla/5.0 (Linux; Android 12; SDY-AN00 Build/HONORSDY-AN00; wv) AppleWebKit/537.36 (KHTML, like Gecko) Version/4.0 Chrome/116.0.0.0 Mobile Safari/537.36 XWEB/1160117 MMWEBSDK/20240404 MMWEBID/5916 MicroMessenger/8.0.49.2600(0x2800313F) WeChat/arm64 Weix",A.本科生,B.南京大学,B.社会学、人口学,NA,NA,C.Stata 或 SAS,NA,NA,NA,NA,NA,NA,B.如何画基本的直方图、散点图、折线图等,C.如何指定颜色、散点大小、线条粗细等,NA,NA,NA,B.处理类别数据（如性别、户口）,C.处理日期、时间数据,D.处理文本数据（如家乡、招聘广告）,NA,NA,NA,H.处理网络数据（如班级关系网）,I.导出回归模型结果,J.批量跑回归模型,NA,NA,A.通常都有空,NA,NA,NA,NA
56,未清洗,NA,2024/5/23 17:12,2024/5/23 17:13,28,中国,广东省,广州市,"Mozilla/5.0 (iPhone; CPU iPhone OS 17_4_1 like Mac OS X) AppleWebKit/605.1.15 (KHTML, like Gecko) Mobile/15E148 MicroMessenger/8.0.49(0x1800312e) NetType/4G Language/zh_CN",B.硕士生,A.香港科技大学（广州）,C.经济学,NA,NA,C.Stata 或 SAS,NA,E.Python， Matlab， Mathmetica 或 Julia,NA,NA,NA,NA,B.如何画基本的直方图、散点图、折线图等,C.如何指定颜色、散点大小、线条粗细等,D.如何精细地调整图例顺序、坐标轴刻度、标签方向等,NA,A.以下全部内容,NA,NA,NA,NA,NA,NA,NA,I.导出回归模型结果,J.批量跑回归模型,K.自动、批量编辑 Word， Excel， PPT 文档,L.其他____________,NA,NA,NA,D.周三,NA
55,未清洗,NA,2024/5/23 17:12,2024/5/23 17:13,54,中国,云南省,昆明市,"Mozilla/5.0 (iPhone; CPU iPhone OS 17_3_1 like Mac OS X) AppleWebKit/605.1.15 (KHTML, like Gecko) Mobile/15E148 MicroMessenger/8.0.49(0x1800312d) NetType/4G Language/zh_CN",B.硕士生,F.其他____________,B.社会学、人口学,NA,NA,C.Stata 或 SAS,NA,NA,NA,NA,NA,NA,NA,NA,D.如何精细地调整图例顺序、坐标轴刻度、标签方向等,NA,A.以下全部内容,NA,NA,NA,NA,NA,NA,NA,NA,NA,NA,NA,A.通常都有空,NA,NA,NA,NA
54,未清洗,NA,2024/5/23 17:12,2024/5/23 17:12,24,中国,江苏省,南京市,"Mozilla/5.0 (Linux; Android 14; V2217A Build/UP1A.231005.007; wv) AppleWebKit/537.36 (KHTML, like Gecko) Version/4.0 Chrome/122.0.6261.120 Mobile Safari/537.36 XWEB/1220067 MMWEBSDK/20240404 MMWEBID/71 MicroMessenger/8.0.49.2600(0x280031EA) WeChat/arm64 W",C.博士生,B.南京大学,B.社会学、人口学,NA,NA,C.Stata 或 SAS,D.R,NA,NA,NA,NA,NA,NA,NA,D.如何精细地调整图例顺序、坐标轴刻度、标签方向等,NA,A.以下全部内容,NA,NA,NA,NA,NA,NA,NA,NA,NA,NA,NA,A.通常都有空,NA,NA,NA,NA
53,未清洗,NA,2024/5/22 17:43,2024/5/23 10:31,60491,新加坡,Central Singapore,NA,"Mozilla/5.0 (Windows NT 10.0; Win64; x64) AppleWebKit/537.36 (KHTML, like Gecko) Chrome/124.0.0.0 Safari/537.36 Edg/124.0.0.0",C.博士生,F.其他____________,D.其他____________,NA,NA,C.Stata 或 SAS,NA,NA,NA,NA,NA,NA,B.如何画基本的直方图、散点图、折线图等,C.如何指定颜色、散点大小、线条粗细等,D.如何精细地调整图例顺序、坐标轴刻度、标签方向等,NA,A.以下全部内容,NA,NA,NA,NA,NA,NA,NA,NA,NA,NA,NA,A.通常都有空,NA,NA,NA,NA
52,未清洗,NA,2024/5/23 2:28,2024/5/23 2:29,54,中国,上海市,上海市,"Mozilla/5.0 (iPhone; CPU iPhone OS 16_6_1 like Mac OS X) AppleWebKit/605.1.15 (KHTML, like Gecko) Mobile/15E148 MicroMessenger/8.0.49(0x1800312e) NetType/WIFI Language/en",C.博士生,E.华东师范大学,B.社会学、人口学,NA,NA,C.Stata 或 SAS,NA,NA,NA,NA,NA,NA,B.如何画基本的直方图、散点图、折线图等,C.如何指定颜色、散点大小、线条粗细等,D.如何精细地调整图例顺序、坐标轴刻度、标签方向等,NA,NA,B.处理类别数据（如性别、户口）,C.处理日期、时间数据,D.处理文本数据（如家乡、招聘广告）,E.处理驳杂数据（如人口迁移数据、爬虫数据）,F.处理高维度数据（如运动记录、全国气温）,NA,H.处理网络数据（如班级关系网）,I.导出回归模型结果,J.批量跑回归模型,NA,NA,A.通常都有空,NA,NA,NA,NA
51,未清洗,NA,2024/5/23 1:34,2024/5/23 1:35,50,中国,江苏省,南京市,"Mozilla/5.0 (iPhone; CPU iPhone OS 17_4_1 like Mac OS X) AppleWebKit/605.1.15 (KHTML, like Gecko) Mobile/15E148 MicroMessenger/8.0.49(0x1800312e) NetType/WIFI Language/zh_CN",C.博士生,B.南京大学,B.社会学、人口学,NA,NA,C.Stata 或 SAS,NA,NA,NA,NA,NA,NA,B.如何画基本的直方图、散点图、折线图等,NA,NA,NA,NA,B.处理类别数据（如性别、户口）,NA,D.处理文本数据（如家乡、招聘广告）,E.处理驳杂数据（如人口迁移数据、爬虫数据）,NA,NA,H.处理网络数据（如班级关系网）,I.导出回归模型结果,J.批量跑回归模型,K.自动、批量编辑 Word， Excel， PPT 文档,NA,A.通常都有空,NA,NA,NA,NA
50,未清洗,NA,2024/5/22 20:18,2024/5/22 20:20,90,中国,上海市,上海市,"Mozilla/5.0 (Linux; Android 13; 2312DRA50C Build/TKQ1.221114.001; wv) AppleWebKit/537.36 (KHTML, like Gecko) Version/4.0 Chrome/116.0.0.0 Mobile Safari/537.36 XWEB/1160175 MMWEBSDK/20240404 MMWEBID/6784 MicroMessenger/8.0.49.2600(0x2800313F) WeChat/arm64",B.硕士生,F.其他____________,D.其他____________,NA,NA,C.Stata 或 SAS,D.R,NA,NA,NA,NA,NA,NA,C.如何指定颜色、散点大小、线条粗细等,D.如何精细地调整图例顺序、坐标轴刻度、标签方向等,NA,NA,NA,C.处理日期、时间数据,D.处理文本数据（如家乡、招聘广告）,E.处理驳杂数据（如人口迁移数据、爬虫数据）,F.处理高维度数据（如运动记录、全国气温）,NA,NA,NA,NA,NA,NA,NA,B.周一,C.周二,D.周三,E.周四
49,未清洗,NA,2024/5/22 19:46,2024/5/22 19:49,137,中国,上海市,上海市,"Mozilla/5.0 (Linux; Android 11; M2102K1C Build/RKQ1.201112.002; wv) AppleWebKit/537.36 (KHTML, like Gecko) Version/4.0 Chrome/116.0.0.0 Mobile Safari/537.36 XWEB/1160117 MMWEBSDK/20240404 MMWEBID/6565 MicroMessenger/8.0.49.2600(0x2800313F) WeChat/arm64 We",B.硕士生,E.华东师范大学,B.社会学、人口学,NA,NA,C.Stata 或 SAS,NA,NA,NA,NA,NA,NA,B.如何画基本的直方图、散点图、折线图等,C.如何指定颜色、散点大小、线条粗细等,D.如何精细地调整图例顺序、坐标轴刻度、标签方向等,NA,A.以下全部内容,NA,NA,NA,NA,NA,NA,NA,NA,NA,NA,NA,A.通常都有空,NA,NA,NA,NA
48,未清洗,NA,2024/5/22 19:47,2024/5/22 19:48,86,中国,上海市,上海市,"Mozilla/5.0 (Macintosh; Intel Mac OS X 10_15_7) AppleWebKit/537.36 (KHTML, like Gecko) Chrome/107.0.0.0 Safari/537.36 NetType/WIFI MicroMessenger/6.8.0(0x16080000) MacWechat/3.8.7(0x13080710) XWEB/1191 Flue",D.博士后、RAP 等,F.其他____________,B.社会学、人口学,NA,NA,C.Stata 或 SAS,D.R,NA,NA,NA,NA,NA,B.如何画基本的直方图、散点图、折线图等,C.如何指定颜色、散点大小、线条粗细等,D.如何精细地调整图例顺序、坐标轴刻度、标签方向等,NA,A.以下全部内容,NA,NA,NA,NA,NA,NA,NA,NA,NA,NA,NA,A.通常都有空,NA,NA,NA,NA
47,未清洗,NA,2024/5/22 18:44,2024/5/22 18:44,54,中国,广东省,广州市,"Mozilla/5.0 (Linux; Android 13; M2011K2C Build/TKQ1.220829.002; wv) AppleWebKit/537.36 (KHTML, like Gecko) Version/4.0 Chrome/116.0.0.0 Mobile Safari/537.36 XWEB/1160175 MMWEBSDK/20240404 MMWEBID/9824 MicroMessenger/8.0.49.2600(0x2800313D) WeChat/arm64 We",B.硕士生,A.香港科技大学（广州）,C.经济学,NA,NA,C.Stata 或 SAS,D.R,E.Python， Matlab， Mathmetica 或 Julia,NA,NA,H.GIS 类软件,NA,B.如何画基本的直方图、散点图、折线图等,C.如何指定颜色、散点大小、线条粗细等,D.如何精细地调整图例顺序、坐标轴刻度、标签方向等,NA,A.以下全部内容,NA,NA,NA,NA,NA,NA,NA,NA,NA,NA,NA,NA,NA,NA,NA,E.周四
46,未清洗,NA,2024/5/22 18:41,2024/5/22 18:43,86,中国,重庆市,重庆市,"Mozilla/5.0 (iPhone; CPU iPhone OS 17_4_1 like Mac OS X) AppleWebKit/605.1.15 (KHTML, like Gecko) Mobile/15E148 MicroMessenger/8.0.48(0x18003030) NetType/4G Language/zh_CN",B.硕士生,F.其他____________,D.其他____________,NA,B.SPSS， Tableau， Power BI 等商业软件,C.Stata 或 SAS,NA,NA,NA,NA,NA,NA,B.如何画基本的直方图、散点图、折线图等,C.如何指定颜色、散点大小、线条粗细等,D.如何精细地调整图例顺序、坐标轴刻度、标签方向等,NA,A.以下全部内容,NA,NA,NA,NA,NA,NA,NA,NA,NA,NA,NA,A.通常都有空,NA,NA,NA,NA
45,未清洗,NA,2024/5/22 18:38,2024/5/22 18:40,97,中国,广东省,广州市,"Mozilla/5.0 (iPhone; CPU iPhone OS 14_5 like Mac OS X) AppleWebKit/605.1.15 (KHTML, like Gecko) Mobile/15E148 MicroMessenger/8.0.47(0x18002f2c) NetType/WIFI Language/zh_CN",E.大学教师,F.其他____________,B.社会学、人口学,NA,NA,C.Stata 或 SAS,NA,NA,NA,NA,NA,NA,NA,NA,D.如何精细地调整图例顺序、坐标轴刻度、标签方向等,NA,A.以下全部内容,NA,NA,NA,NA,NA,NA,NA,NA,NA,NA,NA,NA,NA,NA,NA,NA
44,未清洗,NA,2024/5/22 18:34,2024/5/22 18:35,58,中国,广东省,广州市,"Mozilla/5.0 (iPhone; CPU iPhone OS 17_3_1 like Mac OS X) AppleWebKit/605.1.15 (KHTML, like Gecko) Mobile/15E148 MicroMessenger/8.0.47(0x18002f2c) NetType/4G Language/en",C.博士生,A.香港科技大学（广州）,A.城市治理与设计,NA,NA,C.Stata 或 SAS,D.R,NA,NA,NA,NA,NA,B.如何画基本的直方图、散点图、折线图等,C.如何指定颜色、散点大小、线条粗细等,D.如何精细地调整图例顺序、坐标轴刻度、标签方向等,NA,NA,B.处理类别数据（如性别、户口）,C.处理日期、时间数据,D.处理文本数据（如家乡、招聘广告）,E.处理驳杂数据（如人口迁移数据、爬虫数据）,NA,G.处理空间数据（如带定位的照片、行车轨迹）,NA,I.导出回归模型结果,J.批量跑回归模型,K.自动、批量编辑 Word， Excel， PPT 文档,NA,A.通常都有空,NA,NA,NA,NA
43,未清洗,NA,2024/5/22 18:06,2024/5/22 18:07,56,中国,广东省,广州市,"Mozilla/5.0 (iPhone; CPU iPhone OS 15_5 like Mac OS X) AppleWebKit/605.1.15 (KHTML, like Gecko) Mobile/15E148 MicroMessenger/8.0.49(0x1800312e) NetType/WIFI Language/en",B.硕士生,F.其他____________,D.其他____________,NA,NA,NA,D.R,NA,NA,NA,NA,NA,NA,NA,D.如何精细地调整图例顺序、坐标轴刻度、标签方向等,NA,NA,NA,NA,NA,NA,NA,NA,NA,NA,J.批量跑回归模型,K.自动、批量编辑 Word， Excel， PPT 文档,NA,NA,NA,NA,D.周三,NA
42,未清洗,NA,2024/5/22 18:02,2024/5/22 18:06,189,中国,广东省,广州市,"Mozilla/5.0 (iPhone; CPU iPhone OS 17_4_1 like Mac OS X) AppleWebKit/605.1.15 (KHTML, like Gecko) Mobile/15E148 MicroMessenger/8.0.49(0x1800312d) NetType/WIFI Language/zh_CN",B.硕士生,A.香港科技大学（广州）,A.城市治理与设计,NA,NA,C.Stata 或 SAS,NA,NA,NA,NA,H.GIS 类软件,NA,B.如何画基本的直方图、散点图、折线图等,C.如何指定颜色、散点大小、线条粗细等,D.如何精细地调整图例顺序、坐标轴刻度、标签方向等,NA,NA,B.处理类别数据（如性别、户口）,C.处理日期、时间数据,D.处理文本数据（如家乡、招聘广告）,E.处理驳杂数据（如人口迁移数据、爬虫数据）,F.处理高维度数据（如运动记录、全国气温）,G.处理空间数据（如带定位的照片、行车轨迹）,H.处理网络数据（如班级关系网）,I.导出回归模型结果,J.批量跑回归模型,NA,NA,NA,B.周一,C.周二,D.周三,NA
41,未清洗,NA,2024/5/22 18:00,2024/5/22 18:01,48,中国,广东省,广州市,"Mozilla/5.0 (iPhone; CPU iPhone OS 15_6_1 like Mac OS X) AppleWebKit/605.1.15 (KHTML, like Gecko) Mobile/15E148 MicroMessenger/8.0.49(0x1800312e) NetType/WIFI Language/zh_CN",B.硕士生,A.香港科技大学（广州）,B.社会学、人口学,NA,B.SPSS， Tableau， Power BI 等商业软件,C.Stata 或 SAS,NA,NA,NA,NA,NA,NA,B.如何画基本的直方图、散点图、折线图等,C.如何指定颜色、散点大小、线条粗细等,D.如何精细地调整图例顺序、坐标轴刻度、标签方向等,NA,NA,NA,NA,NA,E.处理驳杂数据（如人口迁移数据、爬虫数据）,NA,NA,H.处理网络数据（如班级关系网）,NA,J.批量跑回归模型,K.自动、批量编辑 Word， Excel， PPT 文档,NA,A.通常都有空,NA,NA,NA,NA
40,未清洗,NA,2024/5/22 17:53,2024/5/22 17:56,201,中国,香港,香港特别行政区,"Mozilla/5.0 (iPhone; CPU iPhone OS 17_4_1 like Mac OS X) AppleWebKit/605.1.15 (KHTML, like Gecko) Mobile/15E148 MicroMessenger/8.0.48(0x18003030) NetType/4G Language/zh_CN",C.博士生,A.香港科技大学（广州）,B.社会学、人口学,NA,NA,C.Stata 或 SAS,D.R,NA,NA,NA,H.GIS 类软件,NA,NA,NA,D.如何精细地调整图例顺序、坐标轴刻度、标签方向等,NA,NA,NA,NA,D.处理文本数据（如家乡、招聘广告）,E.处理驳杂数据（如人口迁移数据、爬虫数据）,NA,G.处理空间数据（如带定位的照片、行车轨迹）,H.处理网络数据（如班级关系网）,I.导出回归模型结果,NA,K.自动、批量编辑 Word， Excel， PPT 文档,NA,A.通常都有空,NA,NA,NA,NA
39,未清洗,NA,2024/5/22 17:52,2024/5/22 17:54,74,中国,福建省,福州市,"Mozilla/5.0 (iPhone; CPU iPhone OS 17_4_1 like Mac OS X) AppleWebKit/605.1.15 (KHTML, like Gecko) Mobile/15E148 MicroMessenger/8.0.49(0x1800312d) NetType/WIFI Language/zh_CN",C.博士生,A.香港科技大学（广州）,A.城市治理与设计,NA,B.SPSS， Tableau， Power BI 等商业软件,C.Stata 或 SAS,NA,NA,NA,NA,H.GIS 类软件,NA,B.如何画基本的直方图、散点图、折线图等,C.如何指定颜色、散点大小、线条粗细等,D.如何精细地调整图例顺序、坐标轴刻度、标签方向等,NA,NA,NA,NA,D.处理文本数据（如家乡、招聘广告）,E.处理驳杂数据（如人口迁移数据、爬虫数据）,F.处理高维度数据（如运动记录、全国气温）,G.处理空间数据（如带定位的照片、行车轨迹）,H.处理网络数据（如班级关系网）,I.导出回归模型结果,J.批量跑回归模型,NA,NA,A.通常都有空,NA,NA,NA,NA
38,未清洗,NA,2024/5/22 17:51,2024/5/22 17:53,118,中国,黑龙江省,哈尔滨市,"Mozilla/5.0 (iPhone; CPU iPhone OS 16_0_2 like Mac OS X) AppleWebKit/605.1.15 (KHTML, like Gecko) Mobile/15E148 MicroMessenger/8.0.48(0x18003030) NetType/4G Language/zh_CN",C.博士生,B.南京大学,B.社会学、人口学,NA,NA,C.Stata 或 SAS,NA,NA,NA,NA,NA,NA,B.如何画基本的直方图、散点图、折线图等,C.如何指定颜色、散点大小、线条粗细等,D.如何精细地调整图例顺序、坐标轴刻度、标签方向等,NA,NA,B.处理类别数据（如性别、户口）,C.处理日期、时间数据,D.处理文本数据（如家乡、招聘广告）,E.处理驳杂数据（如人口迁移数据、爬虫数据）,F.处理高维度数据（如运动记录、全国气温）,G.处理空间数据（如带定位的照片、行车轨迹）,H.处理网络数据（如班级关系网）,I.导出回归模型结果,J.批量跑回归模型,K.自动、批量编辑 Word， Excel， PPT 文档,NA,A.通常都有空,NA,NA,NA,NA
37,未清洗,NA,2024/5/22 17:50,2024/5/22 17:51,65,中国,江苏省,南京市,"Mozilla/5.0 (Linux; Android 14; ELZ-AN20 Build/HONORELZ-AN20; wv) AppleWebKit/537.36 (KHTML, like Gecko) Version/4.0 Chrome/122.0.6261.120 Mobile Safari/537.36 XWEB/1220053 MMWEBSDK/20240404 MMWEBID/286 MicroMessenger/8.0.49.2600(0x2800313D) WeChat/arm64",A.本科生,B.南京大学,B.社会学、人口学,NA,NA,C.Stata 或 SAS,NA,E.Python， Matlab， Mathmetica 或 Julia,NA,NA,NA,NA,B.如何画基本的直方图、散点图、折线图等,C.如何指定颜色、散点大小、线条粗细等,D.如何精细地调整图例顺序、坐标轴刻度、标签方向等,NA,A.以下全部内容,NA,NA,NA,NA,NA,NA,NA,NA,NA,NA,NA,A.通常都有空,NA,NA,NA,NA
36,未清洗,NA,2024/5/22 17:47,2024/5/22 17:49,123,中国,广东省,NA,"Mozilla/5.0 (iPhone; CPU iPhone OS 17_4_1 like Mac OS X) AppleWebKit/605.1.15 (KHTML, like Gecko) Mobile/15E148 MicroMessenger/8.0.49(0x1800312d) NetType/WIFI Language/en",B.硕士生,A.香港科技大学（广州）,A.城市治理与设计,NA,NA,C.Stata 或 SAS,NA,E.Python， Matlab， Mathmetica 或 Julia,NA,NA,H.GIS 类软件,NA,B.如何画基本的直方图、散点图、折线图等,C.如何指定颜色、散点大小、线条粗细等,D.如何精细地调整图例顺序、坐标轴刻度、标签方向等,E.更高级的技巧，请说明____________,NA,NA,NA,NA,E.处理驳杂数据（如人口迁移数据、爬虫数据）,F.处理高维度数据（如运动记录、全国气温）,G.处理空间数据（如带定位的照片、行车轨迹）,H.处理网络数据（如班级关系网）,I.导出回归模型结果,J.批量跑回归模型,NA,NA,NA,B.周一,NA,D.周三,NA
35,未清洗,NA,2024/5/22 17:48,2024/5/22 17:49,42,中国,安徽省,芜湖市,"Mozilla/5.0 (Linux; Android 12; V1981A Build/SP1A.210812.003; wv) AppleWebKit/537.36 (KHTML, like Gecko) Version/4.0 Chrome/122.0.6261.120 Mobile Safari/537.36 XWEB/1220053 MMWEBSDK/20240404 MMWEBID/3084 MicroMessenger/8.0.49.2600(0x2800313F) WeChat/arm64",B.硕士生,D.上海大学,B.社会学、人口学,NA,B.SPSS， Tableau， Power BI 等商业软件,C.Stata 或 SAS,NA,NA,NA,NA,NA,NA,B.如何画基本的直方图、散点图、折线图等,C.如何指定颜色、散点大小、线条粗细等,D.如何精细地调整图例顺序、坐标轴刻度、标签方向等,NA,A.以下全部内容,NA,NA,NA,NA,NA,NA,NA,NA,NA,NA,NA,A.通常都有空,NA,NA,NA,NA
34,未清洗,NA,2024/5/22 17:47,2024/5/22 17:49,74,中国,上海市,上海市,"Mozilla/5.0 (iPhone; CPU iPhone OS 17_5_1 like Mac OS X) AppleWebKit/605.1.15 (KHTML, like Gecko) Mobile/15E148 MicroMessenger/8.0.49(0x1800312d) NetType/4G Language/zh_CN",B.硕士生,D.上海大学,B.社会学、人口学,NA,NA,C.Stata 或 SAS,NA,E.Python， Matlab， Mathmetica 或 Julia,NA,NA,NA,NA,B.如何画基本的直方图、散点图、折线图等,C.如何指定颜色、散点大小、线条粗细等,D.如何精细地调整图例顺序、坐标轴刻度、标签方向等,NA,NA,B.处理类别数据（如性别、户口）,C.处理日期、时间数据,D.处理文本数据（如家乡、招聘广告）,E.处理驳杂数据（如人口迁移数据、爬虫数据）,F.处理高维度数据（如运动记录、全国气温）,NA,H.处理网络数据（如班级关系网）,I.导出回归模型结果,J.批量跑回归模型,K.自动、批量编辑 Word， Excel， PPT 文档,NA,A.通常都有空,NA,NA,NA,NA
33,未清洗,NA,2024/5/22 17:47,2024/5/22 17:48,114,中国,北京市,北京市,"Mozilla/5.0 (iPhone; CPU iPhone OS 16_5 like Mac OS X) AppleWebKit/605.1.15 (KHTML, like Gecko) Mobile/15E148 MicroMessenger/8.0.49(0x1800312d) NetType/WIFI Language/zh_CN",C.博士生,D.上海大学,B.社会学、人口学,NA,NA,C.Stata 或 SAS,NA,NA,NA,NA,NA,NA,NA,C.如何指定颜色、散点大小、线条粗细等,NA,NA,NA,B.处理类别数据（如性别、户口）,C.处理日期、时间数据,D.处理文本数据（如家乡、招聘广告）,E.处理驳杂数据（如人口迁移数据、爬虫数据）,NA,NA,H.处理网络数据（如班级关系网）,I.导出回归模型结果,J.批量跑回归模型,K.自动、批量编辑 Word， Excel， PPT 文档,NA,NA,NA,NA,D.周三,NA
32,未清洗,NA,2024/5/22 17:42,2024/5/22 17:43,73,中国,江苏省,南京市,"Mozilla/5.0 (Linux; Android 12; NOH-AN01 Build/HUAWEINOH-AN01; wv) AppleWebKit/537.36 (KHTML, like Gecko) Version/4.0 Chrome/122.0.6261.120 Mobile Safari/537.36 XWEB/1220053 MMWEBSDK/20240404 MMWEBID/4326 MicroMessenger/8.0.49.2600(0x28003133) WeChat/arm6",A.本科生,B.南京大学,B.社会学、人口学,NA,NA,C.Stata 或 SAS,NA,NA,NA,NA,NA,NA,B.如何画基本的直方图、散点图、折线图等,C.如何指定颜色、散点大小、线条粗细等,D.如何精细地调整图例顺序、坐标轴刻度、标签方向等,NA,A.以下全部内容,NA,NA,NA,NA,NA,NA,NA,I.导出回归模型结果,NA,K.自动、批量编辑 Word， Excel， PPT 文档,NA,A.通常都有空,NA,NA,NA,NA
31,未清洗,NA,2024/5/22 17:40,2024/5/22 17:42,104,中国,江苏省,南京市,"Mozilla/5.0 (Linux; Android 13; PHB110 Build/TP1A.220905.001; wv) AppleWebKit/537.36 (KHTML, like Gecko) Version/4.0 Chrome/116.0.0.0 Mobile Safari/537.36 XWEB/1160117 MMWEBSDK/20231201 MMWEBID/7345 MicroMessenger/8.0.45.2521(0x28002D34) WeChat/arm64 Weix",B.硕士生,B.南京大学,B.社会学、人口学,NA,NA,C.Stata 或 SAS,D.R,E.Python， Matlab， Mathmetica 或 Julia,NA,NA,NA,NA,B.如何画基本的直方图、散点图、折线图等,C.如何指定颜色、散点大小、线条粗细等,D.如何精细地调整图例顺序、坐标轴刻度、标签方向等,NA,A.以下全部内容,B.处理类别数据（如性别、户口）,C.处理日期、时间数据,D.处理文本数据（如家乡、招聘广告）,E.处理驳杂数据（如人口迁移数据、爬虫数据）,F.处理高维度数据（如运动记录、全国气温）,G.处理空间数据（如带定位的照片、行车轨迹）,H.处理网络数据（如班级关系网）,I.导出回归模型结果,J.批量跑回归模型,K.自动、批量编辑 Word， Excel， PPT 文档,L.其他____________,NA,B.周一,NA,NA,E.周四
30,未清洗,NA,2024/5/22 17:41,2024/5/22 17:41,34,中国,香港,香港特别行政区,"Mozilla/5.0 (iPhone; CPU iPhone OS 17_4_1 like Mac OS X) AppleWebKit/605.1.15 (KHTML, like Gecko) Mobile/15E148 MicroMessenger/8.0.49(0x1800312d) NetType/WIFI Language/zh_CN",C.博士生,A.香港科技大学（广州）,C.经济学,NA,NA,C.Stata 或 SAS,NA,NA,NA,NA,H.GIS 类软件,NA,B.如何画基本的直方图、散点图、折线图等,C.如何指定颜色、散点大小、线条粗细等,D.如何精细地调整图例顺序、坐标轴刻度、标签方向等,NA,A.以下全部内容,NA,NA,NA,NA,NA,NA,NA,NA,NA,NA,NA,A.通常都有空,NA,NA,NA,NA
29,未清洗,NA,2024/5/22 17:39,2024/5/22 17:39,42,中国,江苏省,南京市,"Mozilla/5.0 (iPhone; CPU iPhone OS 17_4_1 like Mac OS X) AppleWebKit/605.1.15 (KHTML, like Gecko) Mobile/15E148 MicroMessenger/8.0.49(0x1800312d) NetType/4G Language/zh_CN",C.博士生,B.南京大学,B.社会学、人口学,NA,B.SPSS， Tableau， Power BI 等商业软件,C.Stata 或 SAS,D.R,NA,NA,NA,NA,NA,B.如何画基本的直方图、散点图、折线图等,C.如何指定颜色、散点大小、线条粗细等,D.如何精细地调整图例顺序、坐标轴刻度、标签方向等,NA,A.以下全部内容,NA,NA,NA,NA,NA,NA,NA,NA,NA,NA,NA,A.通常都有空,NA,NA,NA,NA
28,未清洗,NA,2024/5/22 17:39,2024/5/22 17:39,29,新加坡,Central Singapore,NA,"Mozilla/5.0 (iPhone; CPU iPhone OS 17_4_1 like Mac OS X) AppleWebKit/605.1.15 (KHTML, like Gecko) Mobile/15E148 MicroMessenger/8.0.49(0x1800312d) NetType/WIFI Language/en",C.博士生,F.其他____________,D.其他____________,NA,NA,C.Stata 或 SAS,NA,E.Python， Matlab， Mathmetica 或 Julia,NA,NA,H.GIS 类软件,NA,B.如何画基本的直方图、散点图、折线图等,C.如何指定颜色、散点大小、线条粗细等,D.如何精细地调整图例顺序、坐标轴刻度、标签方向等,NA,A.以下全部内容,NA,NA,NA,NA,NA,NA,NA,NA,NA,NA,NA,A.通常都有空,NA,NA,NA,NA
27,未清洗,NA,2024/5/22 17:37,2024/5/22 17:38,86,中国,江苏省,南京市,"Mozilla/5.0 (iPhone; CPU iPhone OS 17_4_1 like Mac OS X) AppleWebKit/605.1.15 (KHTML, like Gecko) Mobile/15E148 MicroMessenger/8.0.49(0x1800312d) NetType/4G Language/zh_CN",A.本科生,B.南京大学,B.社会学、人口学,NA,B.SPSS， Tableau， Power BI 等商业软件,C.Stata 或 SAS,D.R,E.Python， Matlab， Mathmetica 或 Julia,NA,NA,NA,NA,B.如何画基本的直方图、散点图、折线图等,C.如何指定颜色、散点大小、线条粗细等,D.如何精细地调整图例顺序、坐标轴刻度、标签方向等,E.更高级的技巧，请说明____________,NA,NA,C.处理日期、时间数据,D.处理文本数据（如家乡、招聘广告）,E.处理驳杂数据（如人口迁移数据、爬虫数据）,F.处理高维度数据（如运动记录、全国气温）,G.处理空间数据（如带定位的照片、行车轨迹）,H.处理网络数据（如班级关系网）,I.导出回归模型结果,NA,K.自动、批量编辑 Word， Excel， PPT 文档,NA,A.通常都有空,NA,NA,NA,NA
26,未清洗,NA,2024/5/22 17:36,2024/5/22 17:38,106,中国,四川省,成都市,"Mozilla/5.0 (iPhone; CPU iPhone OS 16_0 like Mac OS X) AppleWebKit/605.1.15 (KHTML, like Gecko) Mobile/15E148 MicroMessenger/8.0.49(0x1800312d) NetType/WIFI Language/en",C.博士生,F.其他____________,B.社会学、人口学,NA,NA,C.Stata 或 SAS,NA,NA,NA,NA,NA,NA,B.如何画基本的直方图、散点图、折线图等,C.如何指定颜色、散点大小、线条粗细等,NA,NA,A.以下全部内容,B.处理类别数据（如性别、户口）,C.处理日期、时间数据,D.处理文本数据（如家乡、招聘广告）,E.处理驳杂数据（如人口迁移数据、爬虫数据）,F.处理高维度数据（如运动记录、全国气温）,G.处理空间数据（如带定位的照片、行车轨迹）,H.处理网络数据（如班级关系网）,I.导出回归模型结果,J.批量跑回归模型,K.自动、批量编辑 Word， Excel， PPT 文档,L.其他____________,A.通常都有空,NA,NA,NA,NA
25,未清洗,NA,2024/5/22 17:32,2024/5/22 17:38,388,中国,广东省,深圳市,"Mozilla/5.0 (Windows NT 10.0; Win64; x64) AppleWebKit/537.36 (KHTML, like Gecko) Chrome/115.0.0.0 Safari/537.36 Edg/115.0.1901.188",A.本科生,F.其他____________,D.其他____________,NA,B.SPSS， Tableau， Power BI 等商业软件,C.Stata 或 SAS,NA,NA,NA,NA,NA,NA,B.如何画基本的直方图、散点图、折线图等,C.如何指定颜色、散点大小、线条粗细等,NA,NA,NA,NA,C.处理日期、时间数据,NA,NA,NA,NA,H.处理网络数据（如班级关系网）,NA,NA,K.自动、批量编辑 Word， Excel， PPT 文档,L.其他____________,A.通常都有空,NA,NA,NA,NA
24,未清洗,NA,2024/5/22 17:35,2024/5/22 17:37,123,中国,北京市,北京市,"Mozilla/5.0 (iPhone; CPU iPhone OS 17_4_1 like Mac OS X) AppleWebKit/605.1.15 (KHTML, like Gecko) Mobile/15E148 MicroMessenger/8.0.49(0x1800312d) NetType/WIFI Language/en",B.硕士生,A.香港科技大学（广州）,B.社会学、人口学,NA,NA,C.Stata 或 SAS,NA,E.Python， Matlab， Mathmetica 或 Julia,NA,NA,NA,NA,B.如何画基本的直方图、散点图、折线图等,C.如何指定颜色、散点大小、线条粗细等,D.如何精细地调整图例顺序、坐标轴刻度、标签方向等,E.更高级的技巧，请说明____________,A.以下全部内容,B.处理类别数据（如性别、户口）,C.处理日期、时间数据,D.处理文本数据（如家乡、招聘广告）,E.处理驳杂数据（如人口迁移数据、爬虫数据）,F.处理高维度数据（如运动记录、全国气温）,G.处理空间数据（如带定位的照片、行车轨迹）,H.处理网络数据（如班级关系网）,I.导出回归模型结果,J.批量跑回归模型,K.自动、批量编辑 Word， Excel， PPT 文档,NA,A.通常都有空,NA,NA,NA,NA
23,未清洗,NA,2024/5/22 17:36,2024/5/22 17:37,44,中国,广东省,广州市,"Mozilla/5.0 (iPhone; CPU iPhone OS 17_4_1 like Mac OS X) AppleWebKit/605.1.15 (KHTML, like Gecko) Mobile/15E148 MicroMessenger/8.0.49(0x1800312e) NetType/WIFI Language/zh_CN",B.硕士生,A.香港科技大学（广州）,A.城市治理与设计,NA,NA,C.Stata 或 SAS,D.R,E.Python， Matlab， Mathmetica 或 Julia,NA,NA,H.GIS 类软件,NA,B.如何画基本的直方图、散点图、折线图等,C.如何指定颜色、散点大小、线条粗细等,D.如何精细地调整图例顺序、坐标轴刻度、标签方向等,NA,A.以下全部内容,NA,NA,NA,NA,NA,NA,NA,NA,NA,NA,NA,A.通常都有空,NA,NA,NA,NA
22,未清洗,NA,2024/5/22 17:35,2024/5/22 17:36,28,中国,广东省,广州市,"Mozilla/5.0 (iPhone; CPU iPhone OS 17_4_1 like Mac OS X) AppleWebKit/605.1.15 (KHTML, like Gecko) Mobile/15E148 MicroMessenger/8.0.49(0x1800312d) NetType/4G Language/zh_CN",B.硕士生,F.其他____________,D.其他____________,NA,NA,NA,D.R,NA,NA,NA,NA,NA,B.如何画基本的直方图、散点图、折线图等,C.如何指定颜色、散点大小、线条粗细等,D.如何精细地调整图例顺序、坐标轴刻度、标签方向等,NA,A.以下全部内容,NA,NA,NA,NA,NA,NA,NA,NA,NA,NA,NA,A.通常都有空,NA,NA,NA,NA
21,未清洗,NA,2024/5/22 17:35,2024/5/22 17:36,56,德国,Sachsen,NA,"Mozilla/5.0 (Windows NT 10.0; Win64; x64) AppleWebKit/537.36 (KHTML, like Gecko) Chrome/116.0.0.0 Safari/537.36 NetType/WIFI MicroMessenger/7.0.20.1781(0x6700143B) WindowsWechat(0x63090a13) XWEB/9129 Flue",C.博士生,A.香港科技大学（广州）,B.社会学、人口学,NA,B.SPSS， Tableau， Power BI 等商业软件,C.Stata 或 SAS,NA,NA,NA,NA,NA,NA,B.如何画基本的直方图、散点图、折线图等,C.如何指定颜色、散点大小、线条粗细等,D.如何精细地调整图例顺序、坐标轴刻度、标签方向等,NA,A.以下全部内容,NA,NA,NA,NA,NA,NA,NA,NA,NA,NA,NA,A.通常都有空,NA,NA,NA,NA
20,未清洗,NA,2024/5/22 17:33,2024/5/22 17:35,121,韩国,Seoul-teukbyeolsi,NA,"Mozilla/5.0 (Macintosh; Intel Mac OS X 10_15_7) AppleWebKit/537.36 (KHTML, like Gecko) Chrome/124.0.0.0 Safari/537.36",C.博士生,A.香港科技大学（广州）,A.城市治理与设计,NA,B.SPSS， Tableau， Power BI 等商业软件,C.Stata 或 SAS,D.R,E.Python， Matlab， Mathmetica 或 Julia,NA,NA,H.GIS 类软件,NA,B.如何画基本的直方图、散点图、折线图等,C.如何指定颜色、散点大小、线条粗细等,D.如何精细地调整图例顺序、坐标轴刻度、标签方向等,E.更高级的技巧，请说明____________,A.以下全部内容,NA,NA,NA,NA,NA,NA,NA,NA,NA,NA,NA,A.通常都有空,NA,NA,NA,NA
19,未清洗,NA,2024/5/22 17:33,2024/5/22 17:35,84,中国,广东省,广州市,"Mozilla/5.0 (Linux; Android 14; 23013RK75C Build/UKQ1.230804.001; wv) AppleWebKit/537.36 (KHTML, like Gecko) Version/4.0 Chrome/122.0.6261.120 Mobile Safari/537.36 XWEB/1220053 MMWEBSDK/20240404 MMWEBID/3820 MicroMessenger/8.0.49.2600(0x2800313D) WeChat/a",B.硕士生,A.香港科技大学（广州）,A.城市治理与设计,NA,NA,NA,D.R,E.Python， Matlab， Mathmetica 或 Julia,NA,NA,NA,NA,NA,C.如何指定颜色、散点大小、线条粗细等,D.如何精细地调整图例顺序、坐标轴刻度、标签方向等,NA,NA,B.处理类别数据（如性别、户口）,NA,D.处理文本数据（如家乡、招聘广告）,E.处理驳杂数据（如人口迁移数据、爬虫数据）,F.处理高维度数据（如运动记录、全国气温）,NA,H.处理网络数据（如班级关系网）,I.导出回归模型结果,J.批量跑回归模型,K.自动、批量编辑 Word， Excel， PPT 文档,NA,NA,NA,NA,NA,E.周四
18,未清洗,NA,2024/5/22 17:33,2024/5/22 17:35,81,中国,广东省,广州市,"Mozilla/5.0 (Macintosh; Intel Mac OS X 10_15_7) AppleWebKit/605.1.15 (KHTML, like Gecko) Version/17.5 Safari/605.1.15",C.博士生,A.香港科技大学（广州）,D.其他____________,NA,B.SPSS， Tableau， Power BI 等商业软件,C.Stata 或 SAS,D.R,E.Python， Matlab， Mathmetica 或 Julia,NA,NA,H.GIS 类软件,NA,B.如何画基本的直方图、散点图、折线图等,C.如何指定颜色、散点大小、线条粗细等,D.如何精细地调整图例顺序、坐标轴刻度、标签方向等,NA,A.以下全部内容,NA,NA,NA,NA,NA,NA,NA,NA,NA,NA,NA,A.通常都有空,NA,NA,NA,NA
17,未清洗,NA,2024/5/22 17:33,2024/5/22 17:34,66,中国,上海市,上海市,"Mozilla/5.0 (iPhone; CPU iPhone OS 17_4_1 like Mac OS X) AppleWebKit/605.1.15 (KHTML, like Gecko) Mobile/15E148 MicroMessenger/8.0.45(0x18002d2c) NetType/WIFI Language/zh_CN",C.博士生,F.其他____________,B.社会学、人口学,NA,NA,C.Stata 或 SAS,NA,NA,NA,NA,NA,NA,NA,NA,D.如何精细地调整图例顺序、坐标轴刻度、标签方向等,NA,NA,NA,NA,D.处理文本数据（如家乡、招聘广告）,E.处理驳杂数据（如人口迁移数据、爬虫数据）,F.处理高维度数据（如运动记录、全国气温）,G.处理空间数据（如带定位的照片、行车轨迹）,H.处理网络数据（如班级关系网）,NA,J.批量跑回归模型,NA,NA,A.通常都有空,NA,NA,NA,NA
16,未清洗,NA,2024/5/22 17:30,2024/5/22 17:34,245,中国,江苏省,南京市,"Mozilla/5.0 (iPhone; CPU iPhone OS 16_2 like Mac OS X) AppleWebKit/605.1.15 (KHTML, like Gecko) Mobile/15E148 MicroMessenger/8.0.42(0x18002a32) NetType/4G Language/en",C.博士生,B.南京大学,B.社会学、人口学,NA,B.SPSS， Tableau， Power BI 等商业软件,C.Stata 或 SAS,NA,NA,NA,NA,NA,NA,B.如何画基本的直方图、散点图、折线图等,C.如何指定颜色、散点大小、线条粗细等,D.如何精细地调整图例顺序、坐标轴刻度、标签方向等,NA,NA,B.处理类别数据（如性别、户口）,C.处理日期、时间数据,NA,NA,NA,NA,H.处理网络数据（如班级关系网）,I.导出回归模型结果,J.批量跑回归模型,NA,NA,A.通常都有空,NA,NA,NA,NA
15,未清洗,NA,2024/5/22 17:33,2024/5/22 17:34,49,中国,上海市,上海市,"Mozilla/5.0 (iPhone; CPU iPhone OS 16_1_1 like Mac OS X) AppleWebKit/605.1.15 (KHTML, like Gecko) Mobile/15E148 MicroMessenger/8.0.49(0x1800312d) NetType/WIFI Language/zh_CN",B.硕士生,E.华东师范大学,B.社会学、人口学,NA,B.SPSS， Tableau， Power BI 等商业软件,C.Stata 或 SAS,NA,NA,NA,NA,NA,NA,B.如何画基本的直方图、散点图、折线图等,C.如何指定颜色、散点大小、线条粗细等,D.如何精细地调整图例顺序、坐标轴刻度、标签方向等,NA,NA,NA,NA,D.处理文本数据（如家乡、招聘广告）,E.处理驳杂数据（如人口迁移数据、爬虫数据）,F.处理高维度数据（如运动记录、全国气温）,G.处理空间数据（如带定位的照片、行车轨迹）,H.处理网络数据（如班级关系网）,NA,NA,NA,NA,A.通常都有空,NA,NA,NA,NA
14,未清洗,NA,2024/5/22 17:32,2024/5/22 17:34,110,中国,广东省,广州市,"Mozilla/5.0 (Windows NT 10.0; Win64; x64) AppleWebKit/537.36 (KHTML, like Gecko) Chrome/116.0.0.0 Safari/537.36 NetType/WIFI MicroMessenger/7.0.20.1781(0x6700143B) WindowsWechat(0x63090a13) XWEB/9129 Flue",C.博士生,A.香港科技大学（广州）,C.经济学,NA,NA,C.Stata 或 SAS,D.R,E.Python， Matlab， Mathmetica 或 Julia,NA,NA,NA,NA,NA,C.如何指定颜色、散点大小、线条粗细等,D.如何精细地调整图例顺序、坐标轴刻度、标签方向等,NA,A.以下全部内容,NA,NA,NA,NA,NA,NA,NA,NA,NA,NA,NA,NA,NA,C.周二,NA,E.周四
13,未清洗,NA,2024/5/22 17:32,2024/5/22 17:33,48,中国,上海市,上海市,"Mozilla/5.0 (Linux; Android 12; ABR-AL80 Build/HUAWEIABR-AL80; wv) AppleWebKit/537.36 (KHTML, like Gecko) Version/4.0 Chrome/122.0.6261.120 Mobile Safari/537.36 XWEB/1220053 MMWEBSDK/20240404 MMWEBID/4881 MicroMessenger/8.0.49.2600(0x2800313F) WeChat/arm6",B.硕士生,D.上海大学,B.社会学、人口学,NA,NA,C.Stata 或 SAS,NA,NA,NA,NA,NA,NA,B.如何画基本的直方图、散点图、折线图等,C.如何指定颜色、散点大小、线条粗细等,D.如何精细地调整图例顺序、坐标轴刻度、标签方向等,NA,A.以下全部内容,NA,NA,NA,NA,NA,NA,NA,NA,NA,NA,NA,A.通常都有空,NA,NA,NA,NA
12,未清洗,NA,2024/5/22 17:32,2024/5/22 17:33,82,中国,浙江省,杭州市,"Mozilla/5.0 (iPhone; CPU iPhone OS 17_4_1 like Mac OS X) AppleWebKit/605.1.15 (KHTML, like Gecko) Mobile/15E148 MicroMessenger/8.0.49(0x1800312d) NetType/WIFI Language/en",B.硕士生,C.浙江大学,B.社会学、人口学,NA,B.SPSS， Tableau， Power BI 等商业软件,C.Stata 或 SAS,NA,NA,NA,NA,NA,NA,B.如何画基本的直方图、散点图、折线图等,C.如何指定颜色、散点大小、线条粗细等,NA,NA,A.以下全部内容,NA,NA,NA,NA,NA,NA,NA,NA,NA,NA,NA,A.通常都有空,NA,NA,NA,NA
11,未清洗,NA,2024/5/22 17:30,2024/5/22 17:32,124,中国,广东省,广州市,"Mozilla/5.0 (Linux; Android 12; ANA-AN00 Build/HUAWEIANA-AN00; wv) AppleWebKit/537.36 (KHTML, like Gecko) Version/4.0 Chrome/122.0.6261.120 Mobile Safari/537.36 XWEB/1220053 MMWEBSDK/20240404 MMWEBID/4119 MicroMessenger/8.0.49.2600(0x280031BB) WeChat/arm6",B.硕士生,A.香港科技大学（广州）,C.经济学,NA,NA,C.Stata 或 SAS,D.R,NA,NA,NA,NA,NA,NA,NA,D.如何精细地调整图例顺序、坐标轴刻度、标签方向等,NA,NA,NA,NA,NA,E.处理驳杂数据（如人口迁移数据、爬虫数据）,NA,G.处理空间数据（如带定位的照片、行车轨迹）,H.处理网络数据（如班级关系网）,NA,NA,NA,NA,A.通常都有空,NA,NA,NA,NA
10,未清洗,NA,2024/5/22 17:30,2024/5/22 17:31,48,中国,广东省,广州市,"Mozilla/5.0 (iPhone; CPU iPhone OS 17_4_1 like Mac OS X) AppleWebKit/605.1.15 (KHTML, like Gecko) Mobile/15E148 MicroMessenger/8.0.49(0x1800312d) NetType/WIFI Language/zh_CN",C.博士生,A.香港科技大学（广州）,A.城市治理与设计,NA,NA,C.Stata 或 SAS,NA,E.Python， Matlab， Mathmetica 或 Julia,NA,G.C++,NA,NA,NA,NA,D.如何精细地调整图例顺序、坐标轴刻度、标签方向等,E.更高级的技巧，请说明____________,A.以下全部内容,NA,NA,NA,NA,NA,NA,NA,NA,NA,NA,NA,NA,B.周一,C.周二,D.周三,NA
9,未清洗,NA,2024/5/22 17:30,2024/5/22 17:31,54,中国,北京市,北京市,"Mozilla/5.0 (Linux; Android 14; V2352A Build/UP1A.231005.007; wv) AppleWebKit/537.36 (KHTML, like Gecko) Version/4.0 Chrome/116.0.0.0 Mobile Safari/537.36 XWEB/1160175 MMWEBSDK/20240404 MMWEBID/119 MicroMessenger/8.0.49.2600(0x2800313F) WeChat/arm64 Weixi",C.博士生,F.其他____________,B.社会学、人口学,NA,NA,C.Stata 或 SAS,NA,NA,NA,NA,NA,NA,NA,NA,D.如何精细地调整图例顺序、坐标轴刻度、标签方向等,NA,A.以下全部内容,NA,NA,NA,NA,NA,NA,NA,NA,NA,NA,NA,A.通常都有空,NA,NA,NA,NA
8,未清洗,NA,2024/5/22 17:29,2024/5/22 17:31,70,中国,香港,香港特别行政区,"Mozilla/5.0 (Macintosh; Intel Mac OS X 10_15_7) AppleWebKit/537.36 (KHTML, like Gecko) Chrome/107.0.0.0 Safari/537.36 NetType/WIFI MicroMessenger/6.8.0(0x16080000) MacWechat/3.8.7(0x13080710) XWEB/1191 Flue",C.博士生,A.香港科技大学（广州）,A.城市治理与设计,NA,NA,C.Stata 或 SAS,D.R,NA,NA,NA,H.GIS 类软件,NA,NA,C.如何指定颜色、散点大小、线条粗细等,NA,NA,NA,NA,NA,D.处理文本数据（如家乡、招聘广告）,E.处理驳杂数据（如人口迁移数据、爬虫数据）,F.处理高维度数据（如运动记录、全国气温）,G.处理空间数据（如带定位的照片、行车轨迹）,H.处理网络数据（如班级关系网）,NA,NA,K.自动、批量编辑 Word， Excel， PPT 文档,NA,A.通常都有空,NA,NA,NA,NA
7,未清洗,NA,2024/5/22 17:29,2024/5/22 17:30,71,中国,江苏省,南京市,"Mozilla/5.0 (iPhone; CPU iPhone OS 17_4_1 like Mac OS X) AppleWebKit/605.1.15 (KHTML, like Gecko) Mobile/15E148 MicroMessenger/8.0.49(0x1800312d) NetType/4G Language/zh_CN",C.博士生,B.南京大学,B.社会学、人口学,NA,NA,C.Stata 或 SAS,NA,NA,NA,NA,NA,NA,B.如何画基本的直方图、散点图、折线图等,C.如何指定颜色、散点大小、线条粗细等,D.如何精细地调整图例顺序、坐标轴刻度、标签方向等,NA,A.以下全部内容,NA,NA,NA,NA,NA,NA,NA,NA,NA,NA,NA,A.通常都有空,NA,NA,NA,NA
6,未清洗,NA,2024/5/22 17:29,2024/5/22 17:30,44,中国,江苏省,南京市,"Mozilla/5.0 (Linux; Android 13; 2211133C Build/TKQ1.220905.001; wv) AppleWebKit/537.36 (KHTML, like Gecko) Version/4.0 Chrome/116.0.0.0 Mobile Safari/537.36 XWEB/1160175 MMWEBSDK/20231202 MMWEBID/8069 MicroMessenger/8.0.47.2560(0x28002F51) WeChat/arm64 We",B.硕士生,B.南京大学,B.社会学、人口学,NA,NA,C.Stata 或 SAS,NA,NA,NA,NA,NA,NA,B.如何画基本的直方图、散点图、折线图等,C.如何指定颜色、散点大小、线条粗细等,D.如何精细地调整图例顺序、坐标轴刻度、标签方向等,NA,A.以下全部内容,NA,NA,NA,NA,NA,NA,NA,NA,NA,NA,NA,A.通常都有空,NA,NA,NA,NA
5,未清洗,NA,2024/5/22 17:29,2024/5/22 17:30,71,中国,上海市,上海市,"Mozilla/5.0 (iPhone; CPU iPhone OS 17_1 like Mac OS X) AppleWebKit/605.1.15 (KHTML, like Gecko) Mobile/15E148 MicroMessenger/8.0.43(0x18002b2f) NetType/4G Language/en",B.硕士生,E.华东师范大学,B.社会学、人口学,NA,NA,C.Stata 或 SAS,NA,NA,NA,NA,NA,NA,B.如何画基本的直方图、散点图、折线图等,C.如何指定颜色、散点大小、线条粗细等,D.如何精细地调整图例顺序、坐标轴刻度、标签方向等,NA,NA,B.处理类别数据（如性别、户口）,C.处理日期、时间数据,D.处理文本数据（如家乡、招聘广告）,E.处理驳杂数据（如人口迁移数据、爬虫数据）,NA,NA,H.处理网络数据（如班级关系网）,I.导出回归模型结果,J.批量跑回归模型,K.自动、批量编辑 Word， Excel， PPT 文档,NA,A.通常都有空,NA,NA,NA,NA
4,未清洗,NA,2024/5/22 17:29,2024/5/22 17:30,72,中国,广东省,广州市,"Mozilla/5.0 (Linux; Android 12; ELS-AN00 Build/HUAWEIELS-AN00; wv) AppleWebKit/537.36 (KHTML, like Gecko) Version/4.0 Chrome/122.0.6261.120 Mobile Safari/537.36 XWEB/1220053 MMWEBSDK/20240404 MMWEBID/1406 MicroMessenger/8.0.49.2600(0x2800313F) WeChat/arm6",C.博士生,A.香港科技大学（广州）,B.社会学、人口学,NA,NA,C.Stata 或 SAS,NA,E.Python， Matlab， Mathmetica 或 Julia,NA,NA,NA,NA,B.如何画基本的直方图、散点图、折线图等,C.如何指定颜色、散点大小、线条粗细等,D.如何精细地调整图例顺序、坐标轴刻度、标签方向等,E.更高级的技巧，请说明____________,A.以下全部内容,NA,NA,NA,NA,NA,NA,NA,NA,NA,NA,NA,A.通常都有空,NA,NA,NA,NA
3,未清洗,NA,2024/5/22 17:29,2024/5/22 17:30,38,中国,上海市,上海市,"Mozilla/5.0 (Linux; Android 10; PCT-AL10 Build/HUAWEIPCT-AL10; wv) AppleWebKit/537.36 (KHTML, like Gecko) Version/4.0 Chrome/122.0.6261.120 Mobile Safari/537.36 XWEB/1220053 MMWEBSDK/20240404 MMWEBID/2827 MicroMessenger/8.0.49.2600(0x2800313F) WeChat/arm6",B.硕士生,E.华东师范大学,B.社会学、人口学,NA,B.SPSS， Tableau， Power BI 等商业软件,C.Stata 或 SAS,NA,NA,NA,NA,NA,NA,B.如何画基本的直方图、散点图、折线图等,C.如何指定颜色、散点大小、线条粗细等,D.如何精细地调整图例顺序、坐标轴刻度、标签方向等,NA,NA,B.处理类别数据（如性别、户口）,C.处理日期、时间数据,D.处理文本数据（如家乡、招聘广告）,NA,F.处理高维度数据（如运动记录、全国气温）,NA,NA,NA,NA,NA,NA,A.通常都有空,NA,NA,NA,NA
2,未清洗,NA,2024/5/22 17:29,2024/5/22 17:29,40,中国,重庆市,重庆市,"Mozilla/5.0 (iPhone; CPU iPhone OS 15_5 like Mac OS X) AppleWebKit/605.1.15 (KHTML, like Gecko) Mobile/15E148 MicroMessenger/8.0.49(0x1800312d) NetType/4G Language/zh_CN",C.博士生,A.香港科技大学（广州）,A.城市治理与设计,NA,NA,C.Stata 或 SAS,D.R,E.Python， Matlab， Mathmetica 或 Julia,F.Javascript,NA,NA,NA,NA,NA,D.如何精细地调整图例顺序、坐标轴刻度、标签方向等,NA,A.以下全部内容,NA,NA,NA,NA,NA,NA,NA,NA,NA,NA,NA,NA,NA,NA,NA,NA
1,未清洗,NA,2024/5/22 17:29,2024/5/22 17:29,30,中国,上海市,上海市,"Mozilla/5.0 (Windows NT 10.0; Win64; x64) AppleWebKit/537.36 (KHTML, like Gecko) Chrome/116.0.0.0 Safari/537.36 NetType/WIFI MicroMessenger/7.0.20.1781(0x6700143B) WindowsWechat(0x63090a13) XWEB/9129 Flue",B.硕士生,E.华东师范大学,B.社会学、人口学,NA,B.SPSS， Tableau， Power BI 等商业软件,C.Stata 或 SAS,NA,E.Python， Matlab， Mathmetica 或 Julia,NA,NA,NA,NA,B.如何画基本的直方图、散点图、折线图等,C.如何指定颜色、散点大小、线条粗细等,D.如何精细地调整图例顺序、坐标轴刻度、标签方向等,NA,A.以下全部内容,NA,NA,NA,NA,NA,NA,NA,NA,NA,NA,NA,A.通常都有空,NA,NA,NA,NA
